{
    "ultima_actualizacion": "2025-05-29T16:42:23.561354+00:00",
    "tasas": [
        {
            "banco": "BANCO DE LA NACION ARGENTINA",
            "tna": 30.5
        },
        {
            "banco": "BANCO SANTANDER ARGENTINA S.A.",
            "tna": 28.0
        },
        {
            "banco": "BANCO DE GALICIA Y BUENOS AIRES S.A.U.",
            "tna": 30.25
        },
        {
            "banco": "BANCO DE LA PROVINCIA DE BUENOS AIRES",
            "tna": 30.5
        },
        {
            "banco": "BANCO BBVA ARGENTINA S.A.",
            "tna": 30.0
        },
        {
            "banco": "BANCO MACRO S.A.",
            "tna": 30.0
        },
        {
            "banco": "Banco GGAL SA",
            "tna": 30.25
        },
        {
            "banco": "BANCO CREDICOOP COOPERATIVO LIMITADO",
            "tna": 29.5
        },
        {
            "banco": "INDUSTRIAL AND COMMERCIAL BANK OF CHINA (ARGENTINA) S.A.U.",
            "tna": 29.25
        },
        {
            "banco": "BANCO DE LA CIUDAD DE BUENOS AIRES",
            "tna": 29.0
        },
        {
            "banco": "BANCO BICA S.A.",
            "tna": 33.0
        },
        {
            "banco": "BANCO CMF S.A.",
            "tna": 32.0
        },
        {
            "banco": "BANCO COMAFI SOCIEDAD ANONIMA",
            "tna": 30.25
        },
        {
            "banco": "BANCO DE CORRIENTES S.A.",
            "tna": 31.0
        },
        {
            "banco": "BANCO DE LA PROVINCIA DE CORDOBA S.A.",
            "tna": 35.5
        },
        {
            "banco": "BANCO DEL CHUBUT S.A.",
            "tna": 31.5
        },
        {
            "banco": "BANCO DEL SOL S.A.",
            "tna": 31.0
        },
        {
            "banco": "BANCO DINO S.A.",
            "tna": 32.0
        },
        {
            "banco": "BANCO HIPOTECARIO S.A.",
            "tna": 31.0
        },
        {
            "banco": "BANCO JULIO SOCIEDAD ANONIMA",
            "tna": 33.0
        },
        {
            "banco": "BANCO MARIVA S.A.",
            "tna": 35.5
        },
        {
            "banco": "BANCO MASVENTAS S.A.",
            "tna": 27.5
        },
        {
            "banco": "BANCO MERIDIAN S.A.",
            "tna": 34.0
        },
        {
            "banco": "BANCO PROVINCIA DE TIERRA DEL FUEGO",
            "tna": 30.5
        },
        {
            "banco": "BANCO VOII S.A.",
            "tna": 35.0
        },
        {
            "banco": "BIBANK S.A.",
            "tna": 32.0
        },
        {
            "banco": "CRÉDITO REGIONAL COMPAÑÍA FINANCIERA S.A.U.",
            "tna": 34.0
        },
        {
            "banco": "REBA COMPAÑIA FINANCIERA S.A.",
            "tna": 34.0
        }
    ]
}